{
	"info": {
		"_postman_id": "5f3424cc-84f0-445e-b7ab-bc6abc61d1a5",
		"name": "Task Management",
		"schema": "https://schema.getpostman.com/json/collection/v2.1.0/collection.json",
		"_exporter_id": "9929688"
	},
	"item": [
		{
			"name": "User",
			"item": [
				{
					"name": "Get User",
					"request": {
						"method": "GET",
						"header": [],
						"url": {
							"raw": "http://3.149.235.81:8080/TaskManagementAPI/users",
							"protocol": "http",
							"host": [
								"3",
								"149",
								"235",
								"81"
							],
							"port": "8080",
							"path": [
								"TaskManagementAPI",
								"users"
							]
						}
					},
					"response": []
				},
				{
					"name": "Post User",
					"request": {
						"method": "POST",
						"header": [],
						"body": {
							"mode": "raw",
							"raw": "{\r\n    \r\n    \"name\":\"Testing\",\r\n    \"roleId\":[1],\r\n    \"email\":\"asadftech@soutaionsa.cam\"\r\n  \r\n}",
							"options": {
								"raw": {
									"language": "json"
								}
							}
						},
						"url": {
							"raw": "http://3.149.235.81:8080/TaskManagementAPI/users",
							"protocol": "http",
							"host": [
								"3",
								"149",
								"235",
								"81"
							],
							"port": "8080",
							"path": [
								"TaskManagementAPI",
								"users"
							]
						}
					},
					"response": []
				}
			]
		},
		{
			"name": "Team",
			"item": [
				{
					"name": "Get All Teams",
					"request": {
						"method": "GET",
						"header": [],
						"url": {
							"raw": "http://3.149.235.81:8080/TaskManagementAPI/teams",
							"protocol": "http",
							"host": [
								"3",
								"149",
								"235",
								"81"
							],
							"port": "8080",
							"path": [
								"TaskManagementAPI",
								"teams"
							]
						}
					},
					"response": []
				},
				{
					"name": "Add Team",
					"request": {
						"method": "POST",
						"header": [],
						"body": {
							"mode": "raw",
							"raw": "{\r\n    \"name\":\"Testing team\",\r\n    \"description\":\"Testing description\"\r\n    \r\n}",
							"options": {
								"raw": {
									"language": "json"
								}
							}
						},
						"url": {
							"raw": "http://3.149.235.81:8080/TaskManagementAPI/teams",
							"protocol": "http",
							"host": [
								"3",
								"149",
								"235",
								"81"
							],
							"port": "8080",
							"path": [
								"TaskManagementAPI",
								"teams"
							]
						}
					},
					"response": []
				},
				{
					"name": "Add Memebers",
					"request": {
						"method": "POST",
						"header": [],
						"body": {
							"mode": "raw",
							"raw": "{\r\n    \"members\":[1]\r\n}",
							"options": {
								"raw": {
									"language": "json"
								}
							}
						},
						"url": {
							"raw": "http://3.149.235.81:8080/TaskManagementAPI/teams/1/members",
							"protocol": "http",
							"host": [
								"3",
								"149",
								"235",
								"81"
							],
							"port": "8080",
							"path": [
								"TaskManagementAPI",
								"teams",
								"1",
								"members"
							]
						}
					},
					"response": []
				}
			]
		},
		{
			"name": "Task",
			"item": [
				{
					"name": "Get All Task",
					"protocolProfileBehavior": {
						"disableBodyPruning": true
					},
					"request": {
						"method": "GET",
						"header": [],
						"body": {
							"mode": "raw",
							"raw": "{\r\n    \"name\":\"Testing team\",\r\n    \"description\":\"Testing description\"\r\n    \r\n}"
						},
						"url": {
							"raw": "http://3.149.235.81:8080/TaskManagementAPI/tasks",
							"protocol": "http",
							"host": [
								"3",
								"149",
								"235",
								"81"
							],
							"port": "8080",
							"path": [
								"TaskManagementAPI",
								"tasks"
							]
						}
					},
					"response": []
				},
				{
					"name": "Add task",
					"request": {
						"method": "POST",
						"header": [],
						"body": {
							"mode": "raw",
							"raw": "{\r\n  \"description\": \"Testing This task involves implementing the user login functionality with validation and error handling.\",\r\n  \"dueDate\": \"2025-08-15\", \r\n  \"name\": \"User Login Task\",\r\n  \"title\": \"Implement Login\",\r\n  \"status\": \"TODO\",\r\n  \"priority\": \"HIGH\",\r\n  \"assignedToId\": 1,\r\n  \"teamId\": 1\r\n}",
							"options": {
								"raw": {
									"language": "json"
								}
							}
						},
						"url": {
							"raw": "http://3.149.235.81:8080/TaskManagementAPI/tasks",
							"protocol": "http",
							"host": [
								"3",
								"149",
								"235",
								"81"
							],
							"port": "8080",
							"path": [
								"TaskManagementAPI",
								"tasks"
							]
						}
					},
					"response": []
				},
				{
					"name": "Update Status",
					"request": {
						"method": "PUT",
						"header": [],
						"url": {
							"raw": "http://3.149.235.81:8080/TaskManagementAPI/tasks/19/status?status=DONE",
							"protocol": "http",
							"host": [
								"3",
								"149",
								"235",
								"81"
							],
							"port": "8080",
							"path": [
								"TaskManagementAPI",
								"tasks",
								"19",
								"status"
							],
							"query": [
								{
									"key": "status",
									"value": "DONE"
								}
							]
						}
					},
					"response": []
				},
				{
					"name": "Update Task",
					"request": {
						"method": "PUT",
						"header": [],
						"body": {
							"mode": "raw",
							"raw": "{\r\n  \"description\": \"Big Bang theory and einteins.\",\r\n  \"dueDate\": \"2025-08-15\", \r\n  \"name\": \"User Login Task\",\r\n  \"title\": \"Implement Login\",\r\n  \"status\": \"DONE\",\r\n  \"priority\": \"HIGH\",\r\n  \"assignedToId\": 1,\r\n  \"teamId\": 1\r\n}",
							"options": {
								"raw": {
									"language": "json"
								}
							}
						},
						"url": {
							"raw": "http://3.149.235.81:8080/TaskManagementAPI/tasks/1",
							"protocol": "http",
							"host": [
								"3",
								"149",
								"235",
								"81"
							],
							"port": "8080",
							"path": [
								"TaskManagementAPI",
								"tasks",
								"1"
							]
						}
					},
					"response": []
				},
				{
					"name": "Tasks of User",
					"request": {
						"method": "GET",
						"header": [],
						"url": {
							"raw": "http://3.149.235.81:8080/TaskManagementAPI/tasks?user=1&ps=1&pn=2",
							"protocol": "http",
							"host": [
								"3",
								"149",
								"235",
								"81"
							],
							"port": "8080",
							"path": [
								"TaskManagementAPI",
								"tasks"
							],
							"query": [
								{
									"key": "user",
									"value": "1"
								},
								{
									"key": "ps",
									"value": "1"
								},
								{
									"key": "pn",
									"value": "2"
								}
							]
						}
					},
					"response": []
				}
			]
		},
		{
			"name": "Comment",
			"item": [
				{
					"name": "Add Comment",
					"request": {
						"method": "POST",
						"header": [],
						"body": {
							"mode": "raw",
							"raw": "{\r\n    \"commentText\":\"Testing Comment\",\r\n    \"task\":1\r\n}",
							"options": {
								"raw": {
									"language": "json"
								}
							}
						},
						"url": {
							"raw": "http://3.149.235.81:8080/TaskManagementAPI/tasks/1/comments",
							"protocol": "http",
							"host": [
								"3",
								"149",
								"235",
								"81"
							],
							"port": "8080",
							"path": [
								"TaskManagementAPI",
								"tasks",
								"1",
								"comments"
							]
						}
					},
					"response": []
				},
				{
					"name": "Get Comments",
					"request": {
						"method": "GET",
						"header": [],
						"url": {
							"raw": "http://3.149.235.81:8080/TaskManagementAPI/tasks/1/comments",
							"protocol": "http",
							"host": [
								"3",
								"149",
								"235",
								"81"
							],
							"port": "8080",
							"path": [
								"TaskManagementAPI",
								"tasks",
								"1",
								"comments"
							]
						}
					},
					"response": []
				}
			]
		}
	]
}